,UNITID,ADM_RATE_ALL,AVGFACSAL,RET_FT4,CDR3,AGE_ENTRY,UGDS_MEN
0,100654,0.5256,6892.0,0.6595,0.172,20.5257732,0.4831
1,100663,0.8569,9957.0,0.8288,0.062,23.49213982,0.4169
2,100706,0.8203,9302.0,0.7696,0.061,23.71872304,0.5733
3,100724,0.5326,6609.0,0.5725,0.156,20.52818508,0.3877
4,100751,0.5105,9667.0,0.867,0.063,21.35652886,0.45799999999999996
5,100830,0.8017,7255.0,0.652,0.106,22.65984445,0.3648
6,100858,0.8347,9487.0,0.9052,0.045,20.57196766,0.5103
7,101435,0.5839,5772.0,0.705,0.102,24.25714286,0.5065
8,101480,0.8326,6801.0,0.718,0.096,23.19135071,0.4285
9,101587,0.7199,6146.0,0.6451,0.078,22.37768595,0.441
10,101693,0.5847,4914.0,0.7713,0.062,23.48831488,0.35
11,101709,0.743,7437.0,0.7881,0.10300000000000001,21.60177706,0.3343
12,101879,0.6788,7424.0,0.723,0.111,22.25508247,0.4257
13,101912,0.4787,5147.0,0.7637,0.125,22.16872891,0.4318
14,102049,0.5954,8367.0,0.8795,0.006999999999999999,21.70909091,0.3508
15,102094,0.8335,7195.0,0.7107,0.075,22.45948866,0.4388
16,102234,0.5177,6071.0,0.7262,0.066,20.06866953,0.3967
17,102270,0.5901,4597.0,0.6687,0.187,21.08731466,0.5398
18,102368,0.4414,6246.0,0.7514,0.114,27.36968301,0.3884
19,102377,0.4922,8399.0,0.7178,0.128,19.73599386,0.4258
20,104151,0.7844,10647.0,0.8609,0.073,24.57639376,0.5618
21,105589,0.6873,4386.0,0.675,0.07,28.44074074,0.4097
22,106245,0.5928,7881.0,0.7109,0.086,26.49296782,0.4066
23,106397,0.6204,9085.0,0.8284,0.063,21.50978044,0.4829
24,106412,0.3868,5485.0,0.6223,0.247,21.63242894,0.4559
25,106458,0.7239,6927.0,0.7454,0.102,23.3503139,0.4276
26,106467,0.8626,6083.0,0.6739,0.171,24.46835443,0.444
27,106704,0.9426,6562.0,0.6991,0.091,21.16629801,0.4131
28,107044,0.9912,7185.0,0.8194,0.031,21.14921598,0.4488
29,107071,0.6278,5624.0,0.5974,0.149,21.9560659,0.4476
30,107877,0.7049,4720.0,0.5844,0.08900000000000001,20.82692308,0.4626
31,107983,0.7142,6269.0,0.6292,0.18,21.949220999999998,0.435
32,109785,0.8183,9360.0,0.8496,0.036000000000000004,25.93560768,0.3535
33,110097,0.754,9060.0,0.87,0.022000000000000002,20.38493724,0.3728
34,110361,0.7967,8550.0,0.8252,0.047,23.98962509,0.3672
35,110413,0.6097,9808.0,0.8296,0.027000000000000003,22.20880682,0.4437
36,110422,0.3089,8767.0,0.9257,0.016,20.230373,0.5409
37,110510,0.8445,8521.0,0.8762,0.069,22.95434285,0.3876
38,110529,0.5187,9036.0,0.8883,0.032,22.12561914,0.563
39,110538,0.7096,8243.0,0.8739,0.055,22.37538634,0.4785
40,110556,0.594,8111.0,0.8301,0.043,22.28529679,0.4276
41,110565,0.4447,8561.0,0.8856,0.035,22.87555525,0.4472
42,110583,0.3546,8669.0,0.899,0.038,22.69414241,0.4362
43,110592,0.6107,8683.0,0.8390000000000001,0.06,23.47691527,0.4153
44,110608,0.5286,8457.0,0.7723,0.052000000000000005,22.65461599,0.4587
45,110617,0.7265,8470.0,0.8270000000000001,0.057999999999999996,23.39445344,0.4366
46,110635,0.1602,15194.0,0.9609,0.028999999999999998,21.40223855,0.4788
47,110644,0.4037,12587.0,0.9317,0.027000000000000003,21.22225245,0.4238
48,110653,0.3742,13297.0,0.9222,0.023,20.45506291,0.461
49,110671,0.5829,11880.0,0.8966,0.043,20.39590364,0.4831
50,110680,0.3329,13689.0,0.946,0.025,20.66700611,0.5249
51,110705,0.3634,13665.0,0.9239,0.04,20.08410215,0.4746
52,110714,0.5572,12428.0,0.8895,0.034,20.46474214,0.4722
53,111948,0.4704,11197.0,0.9112,0.023,20.49328132,0.40399999999999997
54,112075,0.8608,6855.0,0.7855,0.024,22.6411398,0.3646
55,113698,0.8092,8357.0,0.8164,0.027000000000000003,22.29154519,0.2604
56,114813,0.6662,6342.0,0.8095,0.062,28.40147524,0.3121
57,115755,0.7655,8118.0,0.7411,0.092,22.24661761,0.4585
58,117140,0.4656,9344.0,0.8625,0.038,26.95664292,0.4267
59,117627,0.4064,7132.0,0.7688,0.055999999999999994,21.06544294,0.4202
60,117751,0.7588,6693.0,0.8617,0.026000000000000002,21.94197952,0.5474
61,117946,0.5271,10215.0,0.8984,0.025,20.56399819,0.426
62,118693,0.4506,12023.0,0.7985,0.08,20.76584022,0.5914
63,118888,0.7614,10011.0,0.7113,0.038,22.8896,0.0
64,119173,0.7829999999999999,8340.0,0.7724,0.043,24.11130639,0.0666
65,120184,0.7771,8365.0,0.75,0.034,24.83080808,0.3331
66,120254,0.4204,10599.0,0.9252,0.027999999999999997,19.42654028,0.4459
67,120403,0.6648,7184.0,0.7875,0.102,21.71190476,0.3284
68,120537,0.31,6827.0,0.8088,0.040999999999999995,23.454976300000002,0.4498
69,120865,0.4744,5863.0,0.7866,0.049,21.26096491,0.4371
70,120883,0.5489999999999999,10193.0,0.8595,0.033,20.69685767,0.4842
71,121150,0.3546,11472.0,0.9246,0.019,21.28621291,0.4089
72,121309,0.6953,9435.0,0.845,0.019,22.28730512,0.3617
73,121691,0.7309,9748.0,0.8746,0.03,24.60786456,0.4305
74,122409,0.3448,9277.0,0.8779,0.036000000000000004,22.42269605,0.4503
75,122436,0.4625,12190.0,0.8982,0.015,20.79175705,0.44799999999999995
76,122597,0.6597,9248.0,0.836,0.057,23.03298087,0.4357
77,122612,0.6005,12667.0,0.8717,0.027000000000000003,21.58258258,0.3778
78,122755,0.5985,9171.0,0.8661,0.031,22.70814522,0.5177
79,122931,0.4935,11761.0,0.9620000000000001,0.022000000000000002,20.39238653,0.5041
80,123457,0.5736,6256.0,0.7315,0.03,27.53493976,0.3408
81,123554,0.7595,10123.0,0.8891,0.039,21.045849800000003,0.4134
82,123572,0.8002,8659.0,0.8132,0.035,22.39850227,0.3789
83,123651,0.58,8419.0,0.7538,0.044000000000000004,23.3717835,0.3395
84,123961,0.1802,13355.0,0.9668,0.012,20.56190278,0.4945
85,125763,0.6188,8993.0,0.8727,0.043,19.90210657,0.4483
86,126562,0.7299,9568.0,0.7169,0.031,24.51131306,0.4702
87,126580,0.924,6840.0,0.6614,0.027999999999999997,23.53360406,0.4757
88,126614,0.8416,10452.0,0.8381,0.027000000000000003,20.72317478,0.5595
89,126818,0.8048,9205.0,0.8504,0.027999999999999997,21.39825651,0.4846
90,127060,0.7649,9916.0,0.8642,0.013999999999999999,20.79686593,0.4646
91,127185,0.9082,7697.0,0.5238,0.084,22.03484689,0.5151
92,127556,0.8227,6471.0,0.6559999999999999,0.14300000000000002,22.75418871,0.4656
93,127565,0.6511,7415.0,0.625,0.10099999999999999,25.71783859,0.4669
94,127741,0.7088,7590.0,0.6809,0.049,21.76620782,0.363
95,127918,0.9604,6541.0,0.7789,0.024,29.28608247,0.3901
96,128106,0.9278,6532.0,0.6322,0.091,23.51028116,0.4753
97,128391,0.9741,6316.0,0.6968,0.055,21.11075612,0.6028
98,128744,0.6072,7283.0,0.6704,0.08800000000000001,24.65889371,0.3452
99,128771,0.6044,8802.0,0.8028,0.04,22.40547046,0.528
100,129525,0.7213,7472.0,0.7418,0.042,20.78757669,0.5002
101,129941,0.8086,9526.0,0.7967,0.026000000000000002,20.59302326,0.5038
102,130226,0.6591,10672.0,0.8479,0.011000000000000001,19.94162714,0.3983
103,130493,0.7154,8602.0,0.7509,0.04,21.68973105,0.3969
104,130934,0.4374,7138.0,0.6891,0.11900000000000001,20.43863636,0.3716
105,130943,0.6783,12050.0,0.9149,0.024,19.723430899999997,0.4247
106,131098,0.5670000000000001,6623.0,0.54,0.14800000000000002,20.39103139,0.42200000000000004
107,131159,0.4584,11330.0,0.8866,0.021,19.82249426,0.3789
108,131283,0.7391,9619.0,0.8218,0.018000000000000002,20.88279489,0.4676
109,131469,0.4379,12900.0,0.934,0.012,21.27933833,0.442
110,131520,0.4841,8428.0,0.8503,0.078,20.41124587,0.3254
111,132471,0.4611,7503.0,0.6228,0.051,26.58290816,0.3856
112,132602,0.6371,6016.0,0.6598,0.14800000000000002,20.55024464,0.4113
113,132657,0.7487,5323.0,0.6940000000000001,0.044000000000000004,21.71735791,0.5317
114,132903,0.4961,9211.0,0.875,0.043,23.09303906,0.452
115,133492,0.7274,7144.0,0.8093,0.069,22.7014218,0.3797
116,133526,0.5295,4678.0,0.5026,0.23600000000000002,22.90674319,0.5383
117,133650,0.4895,8205.0,0.8068,0.147,20.74821134,0.3795
118,133669,0.6603,8445.0,0.7511,0.062,23.56182773,0.435
119,133711,0.4788,6244.0,0.6874,0.046,22.28938356,0.4012
120,133872,1.0,6957.0,0.6970000000000001,0.038,27.41549296,0.1947
121,133881,0.6157,9111.0,0.7554,0.124,30.15283541,0.7201
122,133951,0.5278,9667.0,0.8424,0.068,23.47645312,0.4427
123,134079,0.4481,7316.0,0.8057,0.069,21.97642276,0.3737
124,134097,0.5539,9891.0,0.9226,0.05,20.8465437,0.4513
125,134130,0.4552,10850.0,0.9611,0.03,20.99199848,0.4502
126,135726,0.3818,11374.0,0.9262,0.02,20.84571429,0.4901
127,136172,0.6057,7401.0,0.8284,0.047,23.24456433,0.4499
128,136215,0.4881,9262.0,0.7427,0.032,25.55847849,0.3093
129,136330,0.9527,7310.0,0.737,0.055999999999999994,23.47941567,0.3427
130,137351,0.5094,9023.0,0.8863,0.053,22.89274825,0.4535
131,137476,0.8490000000000001,9780.0,0.7216,0.065,24.64942529,0.4855
132,137564,0.4394,7174.0,0.6576,0.065,22.26169462,0.4498
133,137847,0.5188,8576.0,0.7187,0.049,20.40537164,0.435
134,138275,0.26,4684.0,0.731,0.159,26.08996089,0.5183
135,138293,0.5428,4340.0,0.5659,0.147,21.8161435,0.6827
136,138354,0.4167,7496.0,0.7394,0.075,24.26528891,0.4253
137,138716,0.4729,5779.0,0.687,0.135,23.75993724,0.3275
138,138789,0.6803,5824.0,0.7002,0.081,23.6651865,0.3311
139,138868,0.5189,4790.0,0.4789,0.083,25.96051227,0.4475
140,138947,0.8467,6640.0,0.6115,0.1,20.00901857,0.2474
141,139144,0.6083,7322.0,0.7902,0.022000000000000002,19.60545645,0.3884
142,139199,0.7581,6914.0,0.6617,0.049,28.66960706,0.0961
143,139311,0.4245,6221.0,0.6726,0.08,26.71339915,0.3049
144,139366,0.5522,6306.0,0.7178,0.087,24.34285714,0.39899999999999997
145,139393,0.9664,6904.0,0.8508,0.036000000000000004,19.41647597,0.4231
146,139630,0.4912,4930.0,0.6228,0.127,20.46840959,0.5144
147,139658,0.2682,12358.0,0.9503,0.021,22.20215741,0.4358
148,139719,0.2419,6300.0,0.565,0.20199999999999999,22.21550256,0.4116
149,139755,0.3338,11616.0,0.9603,0.017,20.56969329,0.6608
150,139764,0.6964,5836.0,0.6963,0.08800000000000001,24.92962467,0.3644
151,139861,0.7624,6412.0,0.8516,0.032,20.35171187,0.3916
152,139931,0.631,6402.0,0.8055,0.061,20.93915604,0.4991
153,139940,0.5944,8247.0,0.8117,0.06,23.2147256,0.4138
154,139959,0.5572,10169.0,0.9415,0.028999999999999998,20.46047385,0.4284
155,140164,0.5345,6362.0,0.7884,0.071,23.02379143,0.4264
156,140447,0.6672,7945.0,0.8014,0.044000000000000004,26.81395349,0.3909
157,140553,0.8403,7004.0,0.8302,0.184,19.78027344,1.0
158,140696,0.7823,6515.0,0.7102,0.059000000000000004,21.97459165,0.4182
159,140818,0.5755,6332.0,0.7328,0.036000000000000004,24.30232558,0.3429
160,140951,0.6655,8429.0,0.8207,0.064,21.11296459,0.3486
161,140960,0.7763,5423.0,0.6677,0.157,20.31003695,0.4385
162,140988,0.6907,5194.0,0.6091,0.091,27.83333333,0.4175
163,141060,0.54,7491.0,0.8889,0.075,19.54976303,0.0
164,141185,0.3705,5139.0,0.7117,0.06,22.30571992,0.4758
165,141237,0.9633,3921.0,0.6738,0.129,21.57344064,0.4568
166,141264,0.5414,6041.0,0.6943,0.086,22.27802875,0.4084
167,141334,0.4861,5936.0,0.7402,0.08800000000000001,21.73105731,0.3676
168,141486,0.8562,8804.0,0.7643,0.073,24.5897651,0.3589
169,141565,0.7134,9009.0,0.6612,0.064,24.302377,0.3964
170,141574,0.7882,10733.0,0.7894,0.035,22.69264148,0.4528
171,142115,0.77,7059.0,0.7494,0.083,24.13790022,0.4733
172,142285,0.6748,8246.0,0.7742,0.064,21.89492455,0.5396
173,142328,0.9904,5544.0,0.612,0.133,25.31376851,0.3857
174,142461,0.6507,5678.0,0.7490000000000001,0.038,24.001286999999998,0.3862
175,142522,0.9962,8211.0,0.6909,0.027000000000000003,23.34104661,0.4265
176,143048,0.6915,7156.0,0.818,0.07200000000000001,21.79802415,0.2846
177,143118,0.8109999999999999,7695.0,0.7103,0.037000000000000005,23.52214256,0.3335
178,143358,0.643,8457.0,0.8612,0.021,20.14619883,0.4862
179,144005,0.2996,7380.0,0.5289,0.134,28.31219727,0.2845
180,144050,0.0876,17082.0,0.9881,0.013999999999999999,21.27633478,0.5273
181,144351,0.5385,4048.0,0.6543,0.034,22.93168881,0.3877
182,144892,0.4976,7893.0,0.7555,0.055,21.78224044,0.4023
183,144962,0.6771,7524.0,0.8162,0.025,21.81216578,0.3992
184,145372,0.5568,5888.0,0.7040000000000001,0.053,22.22691293,0.5071
185,145600,0.7448,10600.0,0.797,0.032,21.32295587,0.4982
186,145619,0.7717,7575.0,0.7279,0.044000000000000004,23.78660907,0.4144
187,145637,0.5904,11830.0,0.9347,0.021,19.97076412,0.5603
188,145725,0.506,11923.0,0.868,0.026000000000000002,22.07840909,0.6940000000000001
189,145813,0.7388,7962.0,0.8126,0.027999999999999997,20.67180796,0.4495
190,146339,0.7312,6422.0,0.6915,0.042,25.7593361,0.4234
191,146612,0.6191,9078.0,0.8256,0.04,22.82054357,0.4267
192,146667,0.4758,5271.0,0.8261,0.061,25.79649123,0.4756
193,146719,0.6334,9929.0,0.8622,0.033,21.59842201,0.3528
194,147013,0.6115,6728.0,0.7623,0.062,24.59985152,0.436
195,147244,0.6273,5818.0,0.8244,0.071,21.51132404,0.4078
196,147660,0.5984,8104.0,0.7826,0.033,20.93428571,0.4406
197,147679,0.5461,7895.0,0.7925,0.052000000000000005,22.67075163,0.3709
198,147703,0.5089,7828.0,0.7053,0.069,21.76485062,0.5074
199,147767,0.1311,15044.0,0.9686,0.01,20.79158879,0.4955
200,147776,0.5761,7022.0,0.6034,0.061,25.4370234,0.4392
201,147828,0.7449,7004.0,0.7689,0.043,22.76116505,0.3764
202,148131,0.8893,5651.0,0.7564,0.066,21.53751914,0.44
203,148405,0.5479999999999999,5306.0,0.6408,0.07200000000000001,23.81536388,0.3805
204,148487,0.7764,7939.0,0.6503,0.066,24.10728911,0.3703
205,148496,0.6067,6819.0,0.8068,0.027999999999999997,21.77809187,0.3397
206,148584,0.5056,7694.0,0.8101,0.047,23.98515377,0.3181
207,148627,0.4964,7740.0,0.7479,0.05,21.6045137,0.331
208,148654,0.6158,7553.0,0.7917,0.034,25.66850153,0.4901
209,149222,0.8153,6882.0,0.6814,0.083,22.12448737,0.5432
210,149231,0.8696,7866.0,0.7264,0.059000000000000004,21.73884043,0.4701
211,149505,0.9022,6092.0,0.8424,0.031,25.04139715,0.3452
212,149514,1.0,7129.0,0.7747,0.061,26.53881279,0.5356
213,149772,0.6964,8439.0,0.7205,0.055,22.03269302,0.5071
214,149781,0.6915,8607.0,0.9329999999999999,0.011000000000000001,19.57226792,0.4792
215,150066,0.5491,6449.0,0.7465,0.046,22.81755424,0.3981
216,150136,0.5988,7454.0,0.8141,0.049,20.73019835,0.4162
217,150145,0.7053,5674.0,0.8122,0.059000000000000004,26.97555792,0.35
218,150163,0.6846,7625.0,0.9014,0.016,19.85894737,0.4019
219,150534,0.8295,7644.0,0.8453,0.023,20.56601607,0.4501
220,150668,0.54,5910.0,0.7725,0.033,23.66666667,0.4236
221,150677,0.8012,6425.0,0.8121,0.046,22.56199305,0.4641
222,150941,0.9711,6127.0,0.8622,0.027000000000000003,21.46555324,0.4276
223,151102,0.9087,7360.0,0.6843,0.1,22.2645241,0.4595
224,151111,0.7049,7799.0,0.7091,0.059000000000000004,22.83247445,0.4362
225,151263,0.6648,7090.0,0.7392,0.06,23.25889513,0.3528
226,151290,0.7057,7244.0,0.5581,0.128,30.74592944,0.3683
227,151306,0.7134,6785.0,0.7242,0.066,21.64605996,0.3969
228,151324,0.8254,7057.0,0.6448,0.096,21.78000647,0.4619
229,151333,0.6726,5696.0,0.637,0.10800000000000001,24.919121899999997,0.322
230,151342,0.7333,5766.0,0.6585,0.10400000000000001,23.34216178,0.3855
231,151351,0.7609,9783.0,0.8904,0.039,20.10214944,0.4986
232,151360,0.7678,6586.0,0.6657,0.12300000000000001,23.90348988,0.3144
233,151379,0.8032,6624.0,0.6164,0.105,23.65699831,0.4145
234,151388,0.6376,5819.0,0.6312,0.132,27.20009714,0.3522
235,151777,0.7428,6850.0,0.6921,0.084,19.77678571,0.4825
236,151786,0.5644,5989.0,0.7425,0.047,25.49264706,0.3627
237,151801,0.9505,6993.0,0.8412,0.054000000000000006,32.36281238,0.3256
238,152080,0.2114,13102.0,0.9802,0.006,19.51229303,0.5225
239,152099,0.5504,4290.0,0.6989,0.078,27.84793814,0.5065
240,152248,0.5968,8118.0,0.7354,0.094,26.09859576,0.4297
241,152266,0.7251,7014.0,0.5745,0.10300000000000001,23.14758698,0.4234
242,152336,0.9686,5763.0,0.7109,0.055,23.73414422,0.299
243,152381,1.0,5017.0,0.8197,0.07,29.13317757,0.055999999999999994
244,152530,0.8803,6559.0,0.8824,0.036000000000000004,20.93785311,0.4518
245,152600,0.8236,7110.0,0.8425,0.03,20.75016524,0.4838
246,153001,0.6789,6132.0,0.7341,0.073,27.1591043,0.3615
247,153250,0.7299,6081.0,0.8413,0.008,19.64126984,0.5488
248,153269,0.6926,9298.0,0.8859,0.013999999999999999,20.3842628,0.4334
249,153278,0.7788,6007.0,0.6485,0.109,22.26628665,0.5782
250,153366,0.4984,5338.0,0.5969,0.084,23.57869013,0.4587
251,153375,0.987,6479.0,0.7138,0.087,23.48358687,0.4421
252,153603,0.8691,10468.0,0.8639,0.039,20.57922443,0.5657
253,153621,0.4107,5284.0,0.5784,0.138,23.76035503,0.3996
254,153658,0.8095,10844.0,0.8611,0.032,21.37993843,0.4806
255,153834,0.7116,7695.0,0.8517,0.025,19.57187177,0.439
256,154013,0.5683,5974.0,0.8052,0.045,25.97549592,0.2943
257,154095,0.7772,8135.0,0.8482,0.04,21.11380679,0.4358
258,154235,0.9607,7265.0,0.7736,0.039,22.06671449,0.4262
259,154350,0.8545,6479.0,0.8177,0.038,21.82915173,0.4392
260,154493,0.6994,6231.0,0.6653,0.078,30.28009259,0.4171
261,154688,0.6953,5745.0,0.8,0.053,26.41925466,0.4609
262,154712,0.9778,6299.0,0.7733,0.031,19.87682927,0.4798
263,155025,0.7649,6474.0,0.726,0.07,22.47668887,0.4038
264,155089,0.6138,6539.0,0.6798,0.079,25.415971399999997,0.466
265,155317,0.9142,9845.0,0.8042,0.044000000000000004,21.5764536,0.5012
266,155335,0.5281,5688.0,0.7195,0.065,25.18221574,0.3494
267,155414,0.6147,5671.0,0.6291,0.063,21.27967807,0.4572
268,155520,0.6899,6327.0,0.6717,0.054000000000000006,27.81680831,0.4138
269,155681,0.7919,7094.0,0.7234,0.085,21.93548387,0.5233
270,155900,0.8793,5646.0,0.6641,0.05,27.28351127,0.5831
271,156189,0.3617,4569.0,0.7513,0.14,19.98086124,0.4444
272,156213,0.687,6303.0,0.8137,0.038,22.91060026,0.3996
273,156286,0.8340000000000001,7648.0,0.7967,0.040999999999999995,20.79513344,0.3537
274,156295,0.3366,7556.0,0.8413,0.095,19.9781288,0.435
275,156365,0.7272,5437.0,0.5759,0.154,24.13730744,0.4535
276,156541,0.6628,5404.0,0.5984,0.062,25.40965517,0.4664
277,156620,0.7387,6941.0,0.7183,0.11699999999999999,22.86992324,0.4438
278,156745,0.8875,6322.0,0.6667,0.055,19.91809524,0.46299999999999997
279,157058,0.4769,6179.0,0.4372,0.22,23.0352349,0.3848
280,157085,0.7221,9766.0,0.8218,0.055,20.83762038,0.4798
281,157100,0.4774,4676.0,0.5194,0.131,21.51813472,0.5612
282,157289,0.7386,9450.0,0.8057,0.07400000000000001,22.14039409,0.4893
283,157386,0.8443,6638.0,0.6968,0.09699999999999999,22.35899264,0.401
284,157401,0.7996,7011.0,0.7241,0.10400000000000001,22.86809499,0.4178
285,157447,0.9072,7564.0,0.6929,0.095,22.57867006,0.4606
286,157535,1.0,5793.0,0.5495,0.154,20.961331899999998,0.5004
287,157757,0.4571,7024.0,0.7363,0.08900000000000001,25.42368421,0.3007
288,157809,0.9328,6378.0,0.7121,0.059000000000000004,23.77385621,0.5044
289,157951,0.9332,7082.0,0.7307,0.11900000000000001,22.36925247,0.442
290,158802,0.4059,6582.0,0.75,0.157,20.31673582,0.2742
291,159009,0.4395,6246.0,0.6805,0.158,21.60359897,0.40399999999999997
292,159382,0.5455,5340.0,0.6419,0.11599999999999999,23.67633588,0.2972
293,159391,0.7663,9461.0,0.8463,0.038,20.37977887,0.4883
294,159416,0.7667,6320.0,0.6617,0.087,24.73866856,0.4038
295,159568,0.6106,5561.0,0.5434,0.08,21.47306397,0.511
296,159647,0.6503,7344.0,0.7985,0.07,20.83423036,0.5732
297,159656,0.9025,8648.0,0.7952,0.040999999999999995,20.32155477,0.4115
298,159717,0.7527,6419.0,0.6975,0.121,22.07051047,0.3858
299,159939,0.4357,7540.0,0.6912,0.075,22.77571861,0.4982
300,159966,0.8837,5803.0,0.6928,0.091,22.15819641,0.3829
301,159993,0.7722,6976.0,0.7026,0.094,21.49269311,0.3499
302,160038,0.7298,6054.0,0.6843,0.10800000000000001,24.05781162,0.3147
303,160612,0.8373,6306.0,0.6209,0.077,21.10681645,0.3827
304,160621,0.5365,6271.0,0.6982,0.115,21.69098573,0.355
305,160630,0.207,5676.0,0.5556,0.11900000000000001,27.05238541,0.2461
306,160658,0.5579999999999999,7652.0,0.763,0.076,22.43791834,0.4443
307,160755,0.2795,10897.0,0.9223,0.040999999999999995,23.70275315,0.4236
308,160904,0.6599,8131.0,0.7077,0.10300000000000001,20.2297781,0.2702
309,161165,0.7195,6865.0,0.7698,0.08199999999999999,21.82540676,0.4655
310,161235,0.7461,6829.0,0.6423,0.111,25.96880416,0.2992
311,161253,0.8257,9610.0,0.7683,0.047,20.47743782,0.5255
312,161457,0.8568,7873.0,0.7952,0.03,20.24062969,0.2954
313,161554,0.8395,9133.0,0.6522,0.06,23.65404126,0.4306
314,161873,0.6204,10436.0,0.7881,0.055,27.15,0.4274
315,162007,0.5506,8178.0,0.7408,0.121,22.94765204,0.3858
316,162283,0.4312,7291.0,0.6856,0.179,27.51260504,0.2726
317,162584,0.5851,7015.0,0.748,0.091,21.68102767,0.4902
318,162928,0.1608,10307.0,0.9668,0.015,22.20985402,0.4913
319,163268,0.5961,9686.0,0.8905,0.049,22.304591000000002,0.5492
320,163286,0.4793,12459.0,0.9571,0.02,20.91646975,0.5356
321,163295,0.5416,6721.0,0.8775,0.05,20.46008708,0.2774
322,163338,0.6127,7737.0,0.7285,0.16,21.04503991,0.4531
323,163453,0.6525,8502.0,0.7528,0.16899999999999998,21.89358974,0.4486
324,163462,0.6687,7517.0,0.7949,0.015,20.62009238,0.4413
325,163912,0.7887,7261.0,0.8538,0.027000000000000003,19.96075353,0.4371
326,164076,0.5921,7148.0,0.855,0.039,21.87494016,0.3955
327,164173,0.6231,8130.0,0.7939,0.061,21.9843497,0.3473
328,164270,0.7613,7079.0,0.8322,0.04,19.94479297,0.47
329,164447,0.6757,6062.0,0.6890000000000001,0.062,22.28514056,0.4141
330,164465,0.1384,12035.0,0.985,0.015,19.80176212,0.5173
331,164632,0.6305,7838.0,0.7721,0.064,29.94658998,0.0
332,164720,0.6247,7661.0,0.6667,0.12300000000000001,23.06469649,0.4203
333,164739,0.4611,12401.0,0.9394,0.011000000000000001,19.66797488,0.6002
334,164924,0.3391,13825.0,0.9605,0.006,19.51644444,0.4633
335,164988,0.3451,12562.0,0.935,0.018000000000000002,20.22875545,0.391
336,165015,0.3522,12113.0,0.9314,0.024,19.58436606,0.4293
337,165024,0.7931,8493.0,0.8132,0.051,21.88043478,0.4117
338,165529,0.8688,9145.0,0.7109,0.066,23.38996139,0.3683
339,165662,0.4918,9470.0,0.8909999999999999,0.011000000000000001,19.86513995,0.3875
340,165671,0.693,8440.0,0.7864,0.048,19.70971074,0.2669
341,165820,0.7231,8387.0,0.7747,0.057999999999999996,21.64295875,0.4403
342,165866,0.6226,8033.0,0.745,0.05,21.45180448,0.3574
343,165936,0.8837,7243.0,0.8134,0.013000000000000001,19.69134078,0.3852
344,166391,0.7632,7466.0,0.75,0.049,19.78063852,0.3526
345,166452,0.7149,7833.0,0.7603,0.038,23.32135076,0.2171
346,166513,0.6201,11281.0,0.8435,0.053,22.99263699,0.62
347,166629,0.6139,11456.0,0.8989,0.04,21.33066071,0.5108
348,166674,0.7294,9297.0,0.8907,0.083,21.171123,0.297
349,166948,0.6849,6353.0,0.6756,0.099,20.93854033,0.3372
350,167288,0.7227,8227.0,0.7823,0.046,22.29532497,0.3744
351,167358,0.3222,11983.0,0.9619,0.027999999999999997,22.07828027,0.495
352,167729,0.7057,8921.0,0.8109999999999999,0.078,22.48777098,0.3915
353,167783,0.5216,8020.0,0.8639,0.02,21.60699865,0.0
354,167899,0.7087,8202.0,0.8314,0.07,29.92253209,0.5178
355,167987,0.7682,10261.0,0.7936,0.057,21.27107001,0.5233
356,168005,0.8391,8672.0,0.7567,0.037000000000000005,20.63375796,0.4475
357,168218,0.3011,11511.0,0.9424,0.025,19.646687699999998,0.0
358,168227,0.8264,8168.0,0.8449,0.042,20.7985193,0.8109
359,168254,0.8015,9582.0,0.7603,0.043,20.10977242,0.6021
360,168263,0.7456,7701.0,0.7677,0.026000000000000002,21.43291139,0.46799999999999997
361,168430,0.613,8567.0,0.8168,0.059000000000000004,22.12455233,0.4043
362,168528,0.6189,7637.0,0.6009,0.078,19.803125,0.5248
363,168546,0.6079,7108.0,0.8353,0.03,19.61234991,0.5052
364,168591,0.7198,7296.0,0.7893,0.052000000000000005,19.57617729,0.4545
365,168740,0.3688,4979.0,0.785,0.053,21.86138614,0.4383
366,168786,0.6509,6027.0,0.7846,0.053,20.58545918,0.387
367,169080,0.7314,8189.0,0.8738,0.015,19.68528996,0.4507
368,169248,0.6927,8439.0,0.7642,0.055,21.93999768,0.4382
369,169327,0.7929,4765.0,0.7209,0.078,27.6900369,0.4749
370,169442,0.4561,8298.0,0.8211,0.055,21.13738019,0.5015
371,169716,0.6906,8629.0,0.8106,0.042,25.22775564,0.3448
372,169798,0.6887,8960.0,0.7251,0.102,23.04881657,0.4129
373,169910,0.7842,8172.0,0.7188,0.076,23.7021216,0.4841
374,170037,0.6884,5809.0,0.755,0.053,27.34016393,0.3891
375,170082,0.8043,8045.0,0.8319,0.039,20.99576613,0.4157
376,170301,0.7741,7922.0,0.9063,0.022000000000000002,19.47606838,0.3958
377,170639,0.9109,6259.0,0.7462,0.1,22.43596491,0.4867
378,170675,0.5742,7570.0,0.8239,0.05,21.82967033,0.7613
379,170806,0.5859,7565.0,0.7979999999999999,0.054000000000000006,26.48413418,0.3126
380,170842,0.4842,6030.0,0.4294,0.07200000000000001,27.71038251,0.2951
381,170967,0.4059,5517.0,0.6533,0.064,26.73955432,0.41700000000000004
382,170976,0.3224,10677.0,0.9722,0.016,20.21573529,0.5084
383,171100,0.6609,10802.0,0.9162,0.04,20.09387615,0.4975
384,171128,0.755,9518.0,0.8506,0.038,19.91324201,0.7477
385,171137,0.6267,8859.0,0.8007,0.057,23.46052632,0.508
386,171146,0.7864,7838.0,0.7173,0.078,26.11853448,0.4006
387,171456,0.7209,7578.0,0.7273,0.096,21.06902839,0.4628
388,171571,0.67,8809.0,0.7816,0.049,22.42861131,0.418
389,171599,0.6143,5268.0,0.5942,0.078,20.07749627,0.6095
390,172051,0.7996,7644.0,0.7067,0.071,21.69178082,0.4217
391,172334,0.6664,4880.0,0.7732,0.043,28.82124682,0.3119
392,172440,0.4545,4972.0,0.6,0.114,22.31976744,0.4375
393,172644,0.7733,9856.0,0.7573,0.09,23.88870392,0.4466
394,172699,0.8406,9175.0,0.775,0.061,21.6944117,0.5023
395,173045,0.6802,7257.0,0.7495,0.053,22.64873418,0.4664
396,173124,0.9353,8102.0,0.6801,0.057,23.63471012,0.4421
397,173160,0.9543,7599.0,0.8344,0.027000000000000003,23.75657492,0.3787
398,173258,0.2277,11246.0,0.9677,0.004,19.35381356,0.474
399,173300,0.6428,7049.0,0.826,0.023,19.60019268,0.4046
400,173665,0.6959,6391.0,0.8315,0.032,21.2852432,0.4223
401,173902,0.3635,9845.0,0.9441,0.022000000000000002,19.21915584,0.3965
402,173920,0.6658,8719.0,0.7344,0.044000000000000004,21.33310799,0.4889
403,174066,0.4525,11091.0,0.9245,0.026000000000000002,21.18872825,0.4906
404,174075,0.7196,6835.0,0.66,0.078,26.48392702,0.4984
405,174233,0.7678,7678.0,0.7706,0.027999999999999997,20.36041083,0.5524
406,174251,0.6359,6795.0,0.7885,0.043,20.30238095,0.4598
407,174358,0.8419,8286.0,0.7066,0.059000000000000004,22.3142329,0.3945
408,174437,0.912,6900.0,0.687,0.046,20.75462185,0.4334
409,174491,0.6954,6102.0,0.8017,0.028999999999999998,21.91866913,0.418
410,174783,0.8219,8733.0,0.7269,0.054000000000000006,22.17007722,0.4972
411,174817,0.7424,6689.0,0.785,0.027000000000000003,25.97238659,0.4637
412,174844,0.5128,8497.0,0.9269,0.005,19.48447894,0.4211
413,174862,0.284,4691.0,0.6616,0.039,27.50385604,0.4671
414,174899,0.6618,6668.0,0.8353,0.035,26.09122402,0.302
415,174914,0.8662,10006.0,0.8523,0.021,20.39126853,0.5451
416,175005,0.6721,6948.0,0.7772,0.049,25.02053388,0.0356
417,175078,0.6694,8632.0,0.6854,0.066,22.63945578,0.4277
418,175272,0.6304,8185.0,0.7644,0.040999999999999995,21.63852525,0.3818
419,175342,0.7844,6595.0,0.7596,0.155,22.9137738,0.3586
420,175616,0.9234,6080.0,0.6738,0.10300000000000001,22.50214856,0.4008
421,175856,0.7047,7000.0,0.7781,0.127,23.83402693,0.3725
422,176017,0.8122,8817.0,0.8469,0.08,21.93568082,0.4381
423,176035,0.9361,6070.0,0.6944,0.075,27.03884094,0.1662
424,176044,0.1633,5745.0,0.6471,0.16399999999999998,21.74524158,0.4357
425,176053,0.6304,7369.0,0.716,0.061,22.83847185,0.4147
426,176080,0.7102,8047.0,0.8018,0.079,21.50441981,0.5144
427,176318,0.3885,4784.0,0.7079,0.217,20.83507853,0.4154
428,176372,0.6674,7251.0,0.7409,0.11,23.3234641,0.3629
429,176479,0.5042,5575.0,0.7207,0.08199999999999999,25.91890166,0.3389
430,176628,0.5198,6679.0,0.7088,0.068,24.83487298,0.3649
431,176947,0.6053,5743.0,0.6392,0.084,27.8846831,0.4834
432,176965,0.7795,7008.0,0.6974,0.08800000000000001,22.23176564,0.4494
433,177144,0.5772,4892.0,0.7591,0.081,20.5584,0.5285
434,177214,0.7441,6567.0,0.8453,0.152,26.76148583,0.3963
435,177339,0.645316253,6185.0,0.7511,0.064,23.04761905,0.4581
436,177418,0.9061,6267.0,0.6815,0.061,24.87800963,0.3176
437,177746,0.5997,5906.0,0.773,0.102,20.39650146,0.3554
438,177968,0.5288,5841.0,0.701,0.034,24.37491338,0.4594
439,178059,0.7205,7357.0,0.8648,0.055,24.44740741,0.292
440,178244,0.6023,5430.0,0.6326,0.059000000000000004,23.82285714,0.4584
441,178341,0.96,6002.0,0.6536,0.115,24.26645057,0.4328
442,178396,0.7767,9145.0,0.8619,0.042,20.19762805,0.4805
443,178402,0.6426,8481.0,0.7302,0.07200000000000001,23.83763838,0.4342
444,178411,0.8585,10238.0,0.8568,0.031,20.67059319,0.7677
445,178420,0.7578,8340.0,0.7866,0.076,25.49400579,0.4329
446,178615,0.7448,7095.0,0.88,0.039,19.78882979,0.4155
447,178624,0.7658,6547.0,0.7125,0.078,20.42518797,0.445
448,179043,0.7694,6901.0,0.8924,0.036000000000000004,21.49268293,0.4231
449,179159,0.6108,9089.0,0.8761,0.043,22.4689344,0.4097
450,179326,0.6185,5693.0,0.6725,0.08900000000000001,23.69649002,0.3456
451,179548,0.536,5451.0,0.6131,0.06,22.85526316,0.0105
452,179557,0.8478,7060.0,0.7271,0.10099999999999999,22.26337719,0.4387
453,179566,0.8503,7303.0,0.7525,0.073,22.41607623,0.4287
454,179867,0.1713,13731.0,0.9718,0.013999999999999999,20.86086957,0.4866
455,179894,0.7206,8677.0,0.77,0.051,24.62072767,0.4458
456,179964,0.763,5283.0,0.7617,0.035,23.42883549,0.2535
457,180416,0.907462687,7070.0,0.7137,0.08199999999999999,24.225388600000002,0.6761
458,180461,0.8385,8381.0,0.7608,0.048,21.83968886,0.5433
459,180489,0.9272,7988.0,0.7259,0.099,23.52457645,0.4643
460,180522,1.0,5400.0,0.5866,0.131,24.93602225,0.52
461,180595,0.6361,6385.0,0.7101,0.08199999999999999,20.94779117,0.5216
462,181002,0.7267,8908.0,0.9137,0.02,21.1122178,0.4159
463,181020,0.7935,5852.0,0.7213,0.032,24.70116156,0.5019
464,181215,0.8411,7076.0,0.7954,0.045,21.84262016,0.4308
465,181394,0.785,7912.0,0.7742,0.05,22.63715372,0.4859
466,181464,0.6989,10194.0,0.8401,0.035,20.36055511,0.5333
467,182281,0.8689,10139.0,0.7674,0.077,22.88005663,0.4456
468,182290,0.8388,9880.0,0.8201,0.055,22.02930347,0.4736
469,182795,0.843,5371.0,0.6711,0.047,22.39748549,0.4595
470,183044,0.7988647320000001,11336.0,0.8599,0.02,19.99840714,0.457
471,183062,0.7859,8748.0,0.7648,0.048,19.94519427,0.4299
472,183071,0.7988647320000001,9826.0,0.8125,0.02,19.99840714,0.5
473,183211,0.6256,6436.0,0.7418,0.021,24.79575597,0.1863
474,183822,0.634,8004.0,0.7332,0.10400000000000001,22.12403698,0.3678
475,183910,0.6393,8056.0,0.8424,0.055999999999999994,22.58012422,0.3014
476,183974,0.8191,6781.0,0.7524,0.046,23.65300896,0.3679
477,184348,0.7017,8724.0,0.8396,0.03,19.90468227,0.3776
478,184603,0.8041,8529.0,0.6737,0.047,23.19135429,0.4313
479,184612,0.8416,6233.0,0.7881,0.046,26.26977248,0.2738
480,184694,0.804105862,7503.0,0.8221,0.047,23.19135429,0.4591
481,184773,0.6806,8166.0,0.6982,0.047,22.20344456,0.18899999999999997
482,184782,0.4357,9050.0,0.8370000000000001,0.035,21.31913521,0.5297
483,185129,0.7659,9923.0,0.7244,0.07200000000000001,25.38343732,0.3954
484,185262,0.7036,9226.0,0.7455,0.061,23.65171546,0.4
485,185572,0.7419,8446.0,0.8354,0.036000000000000004,20.21735201,0.4055
486,185590,0.6683,9590.0,0.8144,0.026000000000000002,21.26413471,0.3891
487,185828,0.6339,11139.0,0.838,0.040999999999999995,22.18064024,0.7913
488,186201,0.5332,9809.0,0.8768,0.034,21.52701613,0.4516
489,186283,0.7091,11388.0,0.8053,0.044000000000000004,20.77079395,0.4131
490,186371,0.6096,10444.0,0.8158,0.035,22.1349843,0.4399
491,186380,0.609589743,10979.0,0.9212,0.035,22.1349843,0.4969
492,186399,0.609589743,12339.0,0.8558,0.035,22.1349843,0.4837
493,186432,0.569,8655.0,0.8089,0.071,22.01904137,0.3931
494,186584,0.7554,9184.0,0.8505,0.025,20.99962963,0.4199
495,186867,0.4378,11554.0,0.9244,0.022000000000000002,19.57945736,0.7097
496,186876,0.6475,9431.0,0.8724,0.040999999999999995,21.78656031,0.4085
497,187134,0.4897,9699.0,0.9337,0.013000000000000001,19.81255195,0.4253
498,187444,0.7458,10489.0,0.7626,0.06,22.42400495,0.4494
499,187648,0.6306,6638.0,0.5933,0.174,24.64786927,0.4256
500,187967,0.3639,7852.0,0.7879999999999999,0.052000000000000005,22.28301887,0.7311
501,187985,0.45379354200000005,8909.0,0.7904,0.13,24.37593773,0.4471
502,188030,0.6959583159999999,8185.0,0.7371,0.20199999999999999,23.73098738,0.4723
503,188429,0.7242,11626.0,0.8295,0.032,22.43629505,0.3016
504,188641,0.6944,6406.0,0.7495,0.054000000000000006,19.728444,0.5141
505,189097,0.2377,12043.0,0.9459,0.008,19.3817292,0.0
506,189705,0.8023,7622.0,0.8588,0.037000000000000005,19.73255814,0.4645
507,190044,0.6214,10296.0,0.8917,0.027999999999999997,19.62008141,0.7048
508,190415,0.1419,14170.0,0.9652,0.01,20.33095998,0.4917
509,190512,0.27899999999999997,8675.0,0.9044,0.04,23.13497139,0.5156
510,190549,0.3533,7555.0,0.8199,0.061,23.56274769,0.4163
511,190558,0.9427,7223.0,0.7985,0.079,21.12892339,0.4438
512,190567,0.3806,8217.0,0.8595,0.057,23.2775,0.4887
513,190594,0.3467,7874.0,0.861,0.042,22.58481447,0.3542
514,190600,0.3731,7365.0,0.7886,0.065,22.40456525,0.4353
515,190637,0.2891,7294.0,0.8265,0.055,26.14169675,0.3214
516,190664,0.3982,7650.0,0.86,0.045,23.38576367,0.4464
517,190691,0.3713,6968.0,0.7659999999999999,0.045,23.66720171,0.3395
518,190716,0.6879,6320.0,0.7809,0.065,23.05666004,0.2656
519,190761,0.6281,7811.0,0.7203,0.062,22.57575758,0.3594
520,190983,0.8221,5193.0,0.8213,0.043,20.95658466,0.2982
521,191241,0.4812,13033.0,0.8945,0.024,20.72086801,0.4542
522,191649,0.6161,13033.0,0.8022,0.042,20.39506173,0.462
523,191676,0.9381,5907.0,0.8655,0.033,21.25,0.3584
524,191931,0.867,9154.0,0.8308,0.048,19.53503185,0.4702
525,192323,0.6595,8884.0,0.8601,0.040999999999999995,20.67878387,0.4223
526,192439,0.8469,10128.0,0.6472,0.059000000000000004,23.51923832,0.306
527,192448,0.846892485,10890.0,0.7544,0.059000000000000004,23.51923832,0.3853
528,192703,0.6654,9825.0,0.8371,0.026000000000000002,20.24234354,0.5586
529,192864,0.735,8204.0,0.7431,0.07,20.23139535,0.2294
530,192925,0.619,5212.0,0.6294,0.078,23.63897059,0.326
531,193292,0.754,9026.0,0.8963,0.037000000000000005,22.97962649,0.253
532,193353,0.8862,8442.0,0.7433,0.038,22.08677686,0.2929
533,193399,0.9521,7255.0,0.6943,0.05,20.15592516,0.3052
534,193645,0.3853,8213.0,0.5339,0.11599999999999999,31.91798561,0.1096
535,193654,0.659,10134.0,0.833,0.047,22.17102138,0.2796
536,193900,0.3545,13314.0,0.9199,0.02,20.78217569,0.4341
537,193973,0.6586,7899.0,0.8352,0.07,20.54023747,0.3901
538,194091,0.6403,11534.0,0.7549,0.045,21.30707303,0.6337
539,194161,0.9936,6520.0,0.6389,0.091,27.10642041,0.3811
540,194310,0.8499,11763.0,0.7605,0.046,21.11665388,0.4073
541,194578,0.5299,9737.0,0.8513,0.04,20.57427717,0.3168
542,194824,0.375013439,12092.0,0.9284,0.018000000000000002,19.55675398,0.695
543,194958,0.6875,6299.0,0.7979999999999999,0.04,27.03252886,0.3154
544,195003,0.5747,9711.0,0.8628,0.042,20.26161462,0.6738
545,195164,0.7043,6500.0,0.8356,0.044000000000000004,19.92095808,0.4957
546,195173,0.7704,8931.0,0.8127,0.092,21.24875208,0.4352
547,195243,0.8082,8603.0,0.7681,0.043,20.44285714,0.4768
548,195474,0.6586,8171.0,0.8874,0.024,19.73315364,0.4814
549,195526,0.3734,9232.0,0.9470000000000001,0.023,19.42604502,0.4058
550,195544,0.7073,8718.0,0.8254,0.04,23.67295918,0.3353
551,195720,0.6791,8579.0,0.8829,0.035,21.69893816,0.4023
552,195809,0.6252,11847.0,0.7865,0.065,20.01760563,0.46299999999999997
553,196042,0.4665,8123.0,0.7967,0.05,22.58286224,0.5758
554,196060,0.5584,9208.0,0.8081,0.046,20.71572059,0.5172
555,196079,0.4406,9201.0,0.8923,0.028999999999999998,20.49029779,0.5242
556,196088,0.5781,10135.0,0.8809,0.031,20.8872062,0.5455
557,196097,0.4134,10681.0,0.8933,0.028999999999999998,21.24167312,0.5445
558,196103,0.5113,8340.0,0.8386,0.021,21.10837438,0.5524
559,196112,0.561,9653.0,0.7491,0.046,23.95658915,0.6228
560,196121,0.4895,7291.0,0.8211,0.037000000000000005,22.26403823,0.4552
561,196130,0.6155,7526.0,0.7333,0.079,21.80548204,0.4327
562,196158,0.5322,6906.0,0.7901,0.047,20.27295598,0.4563
563,196167,0.5913,7272.0,0.8989,0.02,20.01067781,0.42100000000000004
564,196176,0.4193,6851.0,0.894,0.027999999999999997,21.15113182,0.3827
565,196185,0.4988,6595.0,0.8668,0.031,20.13128096,0.3943
566,196194,0.4837,6865.0,0.8032,0.051,20.75542551,0.4868
567,196219,0.4082,7230.0,0.7891,0.051,21.16718913,0.4482
568,196237,0.6235,8171.0,0.8361,0.077,23.12544964,0.4158
569,196246,0.4786,6936.0,0.8143,0.055999999999999994,21.22983871,0.4381
570,196413,0.5323,11147.0,0.9188,0.033,20.00518135,0.4489
571,197133,0.2354,11101.0,0.9542,0.003,19.60852197,0.4416
572,197708,0.818,11595.0,0.9535,0.017,19.65679677,0.5359
573,197869,0.6266,7670.0,0.8762,0.034,21.11723401,0.462
574,197911,0.3846,5817.0,0.7442,0.113,24.07854985,0.3146
575,197984,0.6923,4534.0,0.6316,0.13699999999999998,26.28286385,0.4285
576,198136,0.6806,8359.0,0.7211,0.044000000000000004,24.18946914,0.4818
577,198303,0.5981,6335.0,0.5211,0.19699999999999998,20.66721044,0.4871
578,198464,0.7728,7965.0,0.812,0.051,21.83274842,0.4189
579,198507,0.49,7590.0,0.6832,0.218,22.90825688,0.4112
580,198516,0.5393,8936.0,0.9111,0.009000000000000001,19.51660517,0.4051
581,198543,0.5032,8173.0,0.7446,0.106,27.068756,0.3079
582,198561,0.6712,6481.0,0.7373,0.08,26.91561939,0.3359
583,198598,0.7311,5881.0,0.515,0.125,22.14655172,0.5277
584,198695,0.8019,7203.0,0.772,0.065,19.49019608,0.4058
585,198756,0.4225,6127.0,0.6638,0.215,22.73568819,0.3949
586,198862,0.6425,5108.0,0.5519,0.247,20.81260795,0.5296
587,198899,0.6209,5079.0,0.5564,0.184,21.53578529,0.505
588,199032,0.4606,4890.0,0.5825,0.053,27.34418605,0.4544
589,199069,0.4685,6416.0,0.695,0.08900000000000001,31.00609185,0.3309
590,199102,0.57,8732.0,0.7913,0.14800000000000002,21.08064843,0.4505
591,199111,0.7314,7611.0,0.7709999999999999,0.047,23.11788856,0.4444
592,199120,0.285,10898.0,0.9706,0.016,20.53709254,0.4219
593,199139,0.6409,8490.0,0.8243,0.055,22.29064722,0.521
594,199148,0.6073,8058.0,0.7839,0.06,22.69754908,0.3403
595,199157,0.4322,7715.0,0.7657,0.133,23.34775483,0.3344
596,199193,0.516,9995.0,0.9298,0.034,20.87739622,0.5616
597,199209,0.5326,5457.0,0.555,0.14400000000000002,29.84698413,0.4179
598,199218,0.5855,7830.0,0.8444,0.044000000000000004,22.47679693,0.3863
599,199272,0.6291,5840.0,0.5981,0.061,23.85763098,0.3482
600,199281,0.7326,6359.0,0.6805,0.142,23.56692427,0.3988
601,199306,0.4723,5929.0,0.6623,0.084,25.46166134,0.4164
602,199412,0.7845,7196.0,0.727,0.039,24.34063527,0.2949
603,199582,0.7403,5253.0,0.418,0.233,21.14340589,0.5069
604,199607,0.5985,6055.0,0.75,0.055999999999999994,24.78392857,0.0444
605,199698,0.542787286,5411.0,0.6011,0.147,21.8161435,0.4559
606,199865,0.7177,6097.0,0.6591,0.040999999999999995,20.47494553,0.3846
607,199962,0.7506,7359.0,0.7243,0.034,20.79686138,0.4137
608,199999,0.6016,7902.0,0.7859,0.133,24.44185199,0.2794
609,200004,0.4311,7445.0,0.7788,0.07,22.42810458,0.45899999999999996
610,200059,0.6103,6239.0,0.5706,0.061,23.99373041,0.40700000000000003
611,200253,0.5768,6404.0,0.6705,0.065,23.24917219,0.3724
612,200280,0.86,8565.0,0.797,0.035,22.04471733,0.5667
613,200332,0.8274,7753.0,0.8012,0.037000000000000005,20.81694721,0.5556
614,200800,0.9571,9132.0,0.7396,0.126,22.14452366,0.5332
615,201104,0.7257,6850.0,0.7681,0.034,23.84067428,0.4912
616,201371,0.5603,5792.0,0.696,0.054000000000000006,21.73693694,0.4989
617,201441,0.533668757,8221.0,0.7586,0.096,21.08410842,0.4396
618,201548,0.7274,8884.0,0.758,0.046,22.45917085,0.4222
619,201645,0.3831,10401.0,0.9312,0.012,19.52707857,0.5444
620,201654,0.7449,7032.0,0.8832,0.02,19.70651278,0.4809
621,201690,0.3772,6438.0,0.5109,0.299,21.26833477,0.4647
622,201885,0.7578,9379.0,0.8628,0.08,22.89973486,0.4972
623,202134,0.8421,8677.0,0.6969,0.08199999999999999,24.30347535,0.465
624,202170,0.8864,6286.0,0.8034,0.079,20.96768061,0.3554
625,202480,0.5901,8506.0,0.9052,0.019,19.71615008,0.528
626,202514,0.6469,5797.0,0.5292,0.076,20.76808905,0.5206
627,202763,0.7197,6537.0,0.8012,0.025,21.33819018,0.3777
628,203128,0.6208,5440.0,0.6934,0.081,22.22383721,0.4708
629,203368,0.8291,8367.0,0.8546,0.042,19.97971015,0.5272
630,203517,0.843844961,8482.0,0.8178,0.11900000000000001,22.42343988,0.4097
631,203580,0.6936,6453.0,0.6748,0.071,20.45064378,0.5466
632,203775,0.7174,6337.0,0.7038,0.066,24.62331839,0.4178
633,203845,0.6946,6618.0,0.7351,0.021,20.07142857,0.6063
634,204006,0.6584,6829.0,0.6155,0.11900000000000001,21.26072218,0.4572
635,204015,0.658353425,6927.0,0.5785,0.11900000000000001,21.26072218,0.4294
636,204024,0.658353425,8677.0,0.905,0.11900000000000001,21.26072218,0.4918
637,204185,0.7355,7690.0,0.7826,0.042,19.59011894,0.5089
638,204194,0.7598,6203.0,0.8239,0.042,25.91956306,0.3623
639,204200,0.8762,6572.0,0.6667,0.059000000000000004,22.87692308,0.4135
640,204264,0.7644,9573.0,0.7072,0.059000000000000004,21.82016632,0.4518
641,204468,0.895,5021.0,0.6231,0.086,24.68346457,0.4456
642,204501,0.3272,10298.0,0.9431,0.022000000000000002,19.402402399999996,0.4455
643,204617,0.4657,6857.0,0.6962,0.07200000000000001,24.76923077,0.46
644,204635,0.6859,8435.0,0.8825,0.025,20.14363144,0.5255
645,204671,0.529629227,8662.0,0.6378,0.051,21.06218012,0.4615
646,204796,0.529629227,11461.0,0.9367,0.051,21.06218012,0.526
647,204857,0.7427151999999999,8569.0,0.8011,0.111,24.34821837,0.4013
648,204936,0.7531,7066.0,0.7817,0.044000000000000004,20.74539069,0.3893
649,205957,0.7792,7458.0,0.8656,0.026000000000000002,20.40402969,0.3826
650,206084,0.9473,8096.0,0.7006,0.107,21.77779284,0.5177
651,206349,0.6551,5901.0,0.7157,0.057,26.15738499,0.0749
652,206437,0.8068,6681.0,0.7622,0.06,22.84308736,0.3855
653,206507,0.9537,5640.0,0.6825,0.071,21.57793765,0.4599
654,206589,0.5909,8279.0,0.8946,0.025,19.375,0.4485
655,206622,0.7315,8299.0,0.8465,0.027000000000000003,21.22797928,0.4559
656,206835,0.627,5080.0,0.6215,0.046,29.68577729,0.3712
657,206941,0.9032,6874.0,0.6565,0.087,23.52493523,0.424
658,207041,0.9719,5526.0,0.6594,0.153,23.59438635,0.3958
659,207263,0.7501,5840.0,0.6092,0.139,25.21252621,0.3894
660,207306,0.6623,5389.0,0.5984,0.134,23.38095238,0.4291
661,207324,0.6401,5870.0,0.7490000000000001,0.071,20.6905016,0.5152
662,207351,0.595,4792.0,0.6667,0.114,22.69063772,0.4665
663,207388,0.7495,8488.0,0.8087,0.062,21.76387487,0.5105
664,207403,0.6048,6324.0,0.7361,0.087,20.34731707,0.4035
665,207458,0.6777,7055.0,0.7937,0.048,24.09363746,0.3664
666,207500,0.8133439240000001,9535.0,0.8521,0.038,22.72579562,0.5148
667,207582,0.7976,7336.0,0.8005,0.054000000000000006,24.45566166,0.4323
668,207661,0.7701,5515.0,0.6533,0.134,24.38387097,0.3714
669,207722,0.6755,5607.0,0.7558,0.136,22.66943867,0.3574
670,207847,0.7867,7144.0,0.6438,0.16699999999999998,24.85267134,0.4502
671,207865,0.8526,6686.0,0.6585,0.159,22.80092379,0.4157
672,207971,0.4026,9905.0,0.8765,0.040999999999999995,21.15473441,0.5821
673,208488,0.5262,7612.0,0.682,0.031,26.41468927,0.3282
674,208646,0.6418,6145.0,0.5794,0.08,27.78797997,0.3724
675,208822,0.7776,7096.0,0.8255,0.022000000000000002,23.10616438,0.4366
676,209065,0.9377,6760.0,0.8851,0.036000000000000004,24.2834891,0.3859
677,209287,0.5667,5091.0,0.7451,0.017,25.22509225,0.5407
678,209506,0.5984,7236.0,0.731,0.03,26.05526161,0.5592
679,209542,0.7776,9055.0,0.8376,0.039,23.59466378,0.5365
680,209551,0.7490000000000001,9390.0,0.8724,0.046,21.52612918,0.4778
681,209612,0.8045,7572.0,0.8115,0.023,21.283,0.4118
682,209807,0.6933,8121.0,0.7264,0.051,26.16891512,0.478
683,209825,0.6293,7817.0,0.8982,0.015,20.30412371,0.4128
684,209922,0.3873,10152.0,0.8955,0.024,19.91876751,0.4659
685,210146,0.7737,7134.0,0.7386,0.064,24.28344768,0.4326
686,210331,0.3738,5349.0,0.7658,0.025,21.97343454,0.3918
687,210401,0.8131,9545.0,0.8294,0.031,19.58912769,0.4276
688,210429,0.8874,6444.0,0.7035,0.071,22.60855785,0.4182
689,210669,0.7177,8143.0,0.8333,0.048,19.44483986,0.4543
690,210739,0.7965,6770.0,0.8417,0.048,23.56614626,0.3982
691,210775,0.7479,6185.0,0.7738,0.07400000000000001,25.48965025,0.268
692,211024,0.8649,5800.0,0.7765,0.040999999999999995,24.59343434,0.5
693,211088,0.588,7786.0,0.8157,0.047,20.33690987,0.3102
694,211158,0.8781,8880.0,0.7849,0.049,20.09485205,0.4339
695,211273,0.4047,10521.0,0.9123,0.022000000000000002,20.8241206,0.0
696,211291,0.3072,10389.0,0.9314,0.011000000000000001,19.69731801,0.4799
697,211352,0.7528,6752.0,0.769,0.046,20.10079576,0.3756
698,211361,0.8967,9645.0,0.7665,0.07400000000000001,22.70742857,0.4769
699,211431,0.907,6663.0,0.7783,0.059000000000000004,24.94103774,0.1013
700,211468,0.5233,7163.0,0.6929,0.044000000000000004,26.44089835,0.0725
701,211583,0.7471,5044.0,0.7789,0.063,27.14192849,0.3242
702,211644,0.9271,9556.0,0.7379,0.076,22.20794753,0.3737
703,211981,0.7574,7235.0,0.7212,0.061,20.46820277,0.3779
704,212054,0.7601,10597.0,0.8401,0.031,23.29410869,0.5296
705,212106,0.7306,8869.0,0.8958,0.025,20.52618089,0.3907
706,212115,0.8146,9371.0,0.7375,0.052000000000000005,21.27413985,0.4534
707,212133,0.6218,6375.0,0.7833,0.071,25.15680684,0.2869
708,212160,0.993,9357.0,0.6996,0.095,21.45185185,0.4199
709,212197,0.7082,8307.0,0.7943,0.037000000000000005,23.03544776,0.3694
710,212601,0.7767,7390.0,0.8353,0.051,20.87490103,0.4285
711,212656,0.7106,6649.0,0.8413,0.052000000000000005,24.42050691,0.5007
712,212832,0.7638,6741.0,0.726,0.057999999999999996,26.33472803,0.2494
713,212984,0.7326,7496.0,0.7257,0.046,23.13074566,0.2593
714,213011,0.7594,5185.0,0.7944,0.066,26.37077295,0.2545
715,213020,0.9473,9359.0,0.7454,0.08800000000000001,20.24278007,0.455
716,213303,0.9205,6528.0,0.6468,0.11,21.84897519,0.4116
717,213349,0.7967,8887.0,0.7345,0.055999999999999994,20.62214984,0.4414
718,213358,0.9394,6062.0,0.7205,0.07,22.51442308,0.4531
719,213367,0.7823,9217.0,0.8059,0.04,21.99731424,0.3717
720,213400,0.5946,5355.0,0.7521,0.057,32.63362069,0.5007
721,213543,0.3427,12676.0,0.9558,0.011000000000000001,19.41011673,0.5532
722,213598,0.2716,7016.0,0.7583,0.196,22.61857924,0.3915
723,213613,0.9339,9758.0,0.6833,0.069,20.65309381,0.4371
724,213783,0.907,9460.0,0.7479,0.08,20.97295423,0.3995
725,213826,0.7418,8023.0,0.7995,0.044000000000000004,21.36068896,0.3307
726,213996,0.7998,8121.0,0.875,0.008,19.71155517,0.3966
727,214041,0.6871,9696.0,0.7666,0.057999999999999996,21.44614126,0.4448
728,214069,0.7146,7227.0,0.8037,0.055999999999999994,23.88473768,0.3199
729,214272,0.9404,6739.0,0.732,0.08800000000000001,23.11395179,0.36
730,214591,0.626517667,8710.0,0.8281,0.057,21.76629411,0.6461
731,214625,0.626517667,8218.0,0.8207,0.057,21.76629411,0.5678
732,214634,0.626517667,6835.0,0.5882,0.057,21.76629411,0.297
733,214643,0.626517667,7876.0,0.7834,0.057,21.76629411,0.7059
734,214652,0.626517667,7922.0,0.7024,0.057,21.76629411,0.466
735,214670,0.626517667,6725.0,0.7892,0.057,21.76629411,0.5445
736,214689,0.626517667,7385.0,0.8141,0.057,21.76629411,0.5474
737,214698,0.626517667,7556.0,0.7469,0.057,21.76629411,0.6451
738,214704,0.626517667,8110.0,0.7725,0.057,21.76629411,0.5572
739,214713,0.626517667,9280.0,0.8304,0.057,21.76629411,0.5994
740,214731,0.626517667,7652.0,0.7252,0.057,21.76629411,0.5855
741,214777,0.626517667,10175.0,0.9315,0.057,21.76629411,0.5359
742,214786,0.626517667,7512.0,0.7249,0.057,21.76629411,0.565
743,214801,0.626517667,7704.0,0.8171,0.057,21.76629411,0.4896
744,214810,0.626517667,7997.0,0.75,0.057,21.76629411,0.3934
745,214829,0.626517667,8025.0,0.7491,0.057,21.76629411,0.5791
746,215099,0.6394,8235.0,0.7909999999999999,0.035,23.37483787,0.3404
747,215105,0.6954,6642.0,0.8096,0.065,20.22246456,0.4073
748,215114,0.978,5712.0,0.7518,0.024,21.50666667,0.4584
749,215266,0.5742,7079.0,0.7227,0.043,20.467042199999998,0.4563
750,215275,0.574157567,6740.0,0.7565,0.043,20.467042199999998,0.48100000000000004
751,215284,0.574157567,6821.0,0.7953,0.043,20.467042199999998,0.5464
752,215293,0.574157567,9846.0,0.9259999999999999,0.043,20.467042199999998,0.4952
753,215442,0.7074,7968.0,0.7681,0.094,23.09921671,0.4455
754,215655,0.762,9999.0,0.8289,0.046,22.22009569,0.5653
755,215743,0.6872,6534.0,0.8518,0.031,21.44593088,0.3747
756,215798,0.7192,7146.0,0.8157,0.04,19.86774942,0.5256
757,215929,0.7726,9615.0,0.8918,0.032,19.75752212,0.4308
758,216010,0.8313,9792.0,0.7394,0.054000000000000006,20.45891204,0.5104
759,216038,0.6597,9650.0,0.8157,0.044000000000000004,20.88536285,0.4303
760,216339,0.6173,9835.0,0.8883,0.05,21.715806399999998,0.4915
761,216357,0.6949,6422.0,0.6898,0.129,19.76,0.5415
762,216542,0.9304,5893.0,0.7313,0.13699999999999998,21.83367557,0.5134
763,216597,0.4933,10551.0,0.9367,0.011000000000000001,20.83035283,0.4766
764,216694,0.8356,6986.0,0.8182,0.045,21.41857798,0.3977
765,216764,0.5348,9185.0,0.8787,0.038,21.30382078,0.4009
766,216852,0.6501,7679.0,0.7642,0.046,21.38636364,0.4526
767,216931,0.7863,8405.0,0.7859999999999999,0.04,20.91079137,0.5289
768,217059,0.4549,6820.0,0.7875,0.038,20.32217391,0.4472
769,217156,0.0874,13754.0,0.9754,0.005,19.40308989,0.488
770,217420,0.6545,7527.0,0.7863,0.064,22.72554661,0.324
771,217484,0.7681,9502.0,0.8195,0.052000000000000005,20.26648767,0.4599
772,217493,0.3259,7840.0,0.9538,0.02,20.394067800000002,0.3332
773,217633,0.7152,5866.0,0.7689,0.07,22.87928465,0.3392
774,217688,0.5866,6057.0,0.6433,0.087,22.62700803,0.374
775,217819,0.7802,8182.0,0.79,0.042,21.13960952,0.3711
776,217864,0.7554,8359.0,0.8574,0.034,21.53496504,0.9159
777,217873,0.4377,6292.0,0.7057,0.135,22.00170503,0.3491
778,217882,0.5152,10159.0,0.9227,0.027000000000000003,20.46259199,0.5338
779,217907,0.509,5302.0,0.6426,0.083,24.37452229,0.384
780,217925,0.3322,4515.0,0.6931,0.033,23.15438597,0.4891
781,217934,0.7905,6176.0,0.7402,0.078,29.86836518,0.13699999999999998
782,217961,0.5348,6278.0,0.7056,0.062,20.94953271,0.0
783,218061,0.5911,7396.0,0.6833,0.10800000000000001,21.05867082,0.3146
784,218229,0.5778,5876.0,0.6802,0.10800000000000001,20.229701600000002,0.3146
785,218238,0.52,5062.0,0.6046,0.10400000000000001,27.91501155,0.4455
786,218414,0.5675,5255.0,0.7173,0.126,20.75379939,0.5279
787,218441,0.5946,5737.0,0.7714,0.094,21.31239531,0.5254
788,218645,0.6546,6533.0,0.6599,0.06,22.46943354,0.3715
789,218654,0.5724,6418.0,0.5067,0.10300000000000001,22.49957519,0.3799
790,218663,0.6515,9726.0,0.8792,0.040999999999999995,20.681402600000002,0.4589
791,218724,0.636,7439.0,0.6689,0.092,20.87232525,0.4615
792,218733,0.8454,6927.0,0.6279,0.193,20.76400996,0.4867
793,218742,0.4682,6268.0,0.7308,0.087,23.41800546,0.3546
794,218964,0.7118,7402.0,0.7673,0.061,20.73264887,0.3254
795,219046,0.941,6957.0,0.6279,0.08,22.90429234,0.3756
796,219082,0.8420000000000001,7242.0,0.6486,0.055,23.75649913,0.6169
797,219259,0.8289,6897.0,0.684,0.095,21.90270812,0.4282
798,219295,0.5695,4809.0,0.5289,0.078,24.99515347,0.3589
799,219347,0.8802,9124.0,0.7671,0.049,20.82937956,0.8031
800,219356,0.9201,7698.0,0.7698,0.046,21.25059242,0.4769
801,219471,0.8882,7406.0,0.7445,0.065,22.20851689,0.3707
802,219602,0.8927,6836.0,0.7242,0.113,24.00927503,0.4086
803,219709,0.8272,8696.0,0.8278,0.02,20.93041843,0.3858
804,219718,0.5742,3989.0,0.5551,0.13,30.95847554,0.4347
805,219790,0.4842,5271.0,0.5936,0.036000000000000004,26.81497797,0.444
806,219806,0.624,5567.0,0.705,0.09300000000000001,20.47791953,0.4356
807,219833,0.4971,6193.0,0.8397,0.07,24.21782178,0.4481
808,219949,0.4642,5511.0,0.6179,0.06,25.754475699999997,0.413
809,219976,0.5558,7184.0,0.8044,0.049,23.50927835,0.39299999999999996
810,220075,0.9174,6676.0,0.6948,0.11599999999999999,22.87482542,0.4324
811,220215,0.9339,6205.0,0.738,0.053,20.38573508,0.4344
812,220516,0.5668,6295.0,0.7606,0.055999999999999994,30.63341067,0.3298
813,220598,0.4327,4817.0,0.4469,0.131,20.919,0.5198
814,220613,0.8905,5854.0,0.797,0.08199999999999999,24.07240039,0.4224
815,220631,0.7437,6226.0,0.6902,0.036000000000000004,24.98024055,0.2867
816,220710,0.7083,6391.0,0.7135,0.067,20.52676056,0.4592
817,220862,0.474,8374.0,0.7817,0.098,23.18703899,0.39899999999999997
818,220978,0.7206,7094.0,0.706,0.09300000000000001,22.50138732,0.465
819,221731,0.6667,4094.0,0.625,0.08199999999999999,24.46935933,0.366
820,221740,0.7728,7484.0,0.7003,0.069,21.57726642,0.4443
821,221759,0.7483,10046.0,0.8655,0.055,21.4574115,0.505
822,221768,0.7334,6724.0,0.7098,0.106,22.20190476,0.4179
823,221847,0.9441,7523.0,0.7571,0.079,21.477247,0.5671
824,221892,0.7308,6396.0,0.7906,0.04,27.37162162,0.4375
825,221953,0.7194,4798.0,0.6167,0.107,24.1242236,0.4593
826,221971,0.6858,7531.0,0.877,0.035,26.96622152,0.3748
827,221999,0.1309,13151.0,0.9683,0.013999999999999999,19.73541496,0.4993
828,222178,0.5047,7535.0,0.7515,0.053,20.02338462,0.4236
829,222831,0.8244,6888.0,0.6239,0.12,21.465860600000003,0.4584
830,223232,0.5536,8985.0,0.8855,0.039,20.02445827,0.4197
831,224004,0.8529,6515.0,0.6667,0.068,26.77840909,0.3593
832,224147,0.8462,7563.0,0.5567,0.087,22.22843041,0.4145
833,224226,0.4621,7943.0,0.7234,0.06,25.31734754,0.4197
834,224323,0.8513,7399.0,0.8,0.021,19.78003697,0.4486
835,224527,0.5599,6241.0,0.6118,0.125,20.65714286,0.4818
836,224554,0.4784,7945.0,0.6772,0.10099999999999999,25.82377684,0.4049
837,225247,0.568,6579.0,0.6392,0.067,21.86374408,0.4829
838,225399,0.3573,6377.0,0.6631,0.065,21.90789474,0.3883
839,225432,0.8417,7458.0,0.6574,0.11900000000000001,26.79197853,0.4002
840,225511,0.6299,10542.0,0.8624,0.062,22.54056653,0.5062
841,225548,0.8212,5718.0,0.5409,0.076,20.88297872,0.5072
842,225627,0.9321,7772.0,0.7583,0.075,25.65075232,0.3892
843,226091,0.7881,7587.0,0.6013,0.11900000000000001,25.72326149,0.4233
844,226152,0.467,7925.0,0.7588,0.106,21.88520971,0.4149
845,226231,0.494,7810.0,0.8289,0.065,27.71416597,0.5439
846,226383,0.9432,6162.0,0.7176,0.081,24.72938444,0.3862
847,226471,0.7991,7308.0,0.6829999999999999,0.08,22.63473054,0.3883
848,226587,0.614,5791.0,0.5221,0.126,22.08974359,0.5089
849,226833,0.6164,7325.0,0.7195,0.083,23.315809100000003,0.4197
850,227216,0.6626,10010.0,0.7804,0.076,22.78409689,0.4833
851,227331,0.4952,6437.0,0.6299,0.079,23.50170068,0.2976
852,227368,0.628,7856.0,0.7608,0.105,21.59349179,0.4407
853,227526,0.3913,7649.0,0.6685,0.19699999999999998,21.35240385,0.4097
854,227757,0.151,14702.0,0.9590000000000001,0.017,20.63679245,0.5211
855,227845,0.7836,8140.0,0.8281,0.062,21.56338028,0.3904
856,227863,0.7899,5944.0,0.8755,0.042,23.16666667,0.3935
857,227881,0.7367,7338.0,0.7874,0.086,22.316828,0.4
858,228042,0.9353,5958.0,0.6722,0.081,22.61477573,0.4176
859,228149,0.5946,9861.0,0.7718,0.051,20.55901794,0.4392
860,228246,0.524,11624.0,0.8936,0.033,20.7633427,0.4954
861,228431,0.5851,7163.0,0.7,0.111,21.48778669,0.3681
862,228459,0.7290000000000001,7615.0,0.7601,0.08199999999999999,21.77634601,0.44
863,228468,0.4965,6173.0,0.6886,0.131,23.6875,0.4408
864,228501,0.934,6028.0,0.515,0.138,23.87750557,0.4311
865,228529,0.5254,7428.0,0.6836,0.076,24.69535917,0.3901
866,228705,0.8357,6948.0,0.6357,0.127,24.78230923,0.4699
867,228723,0.7103,9961.0,0.9007,0.042,20.321149,0.514
868,228769,0.614,8946.0,0.6932,0.068,27.46041361,0.3975
869,228778,0.3966,11172.0,0.9445,0.036000000000000004,20.35129144,0.4814
870,228787,0.6194,12307.0,0.8637,0.055999999999999994,23.20418343,0.5666
871,228802,0.8358,7503.0,0.612,0.084,24.8474253,0.4259
872,228875,0.4887,10265.0,0.8959999999999999,0.032,21.03896104,0.4016
873,228981,0.5587,6727.0,0.6994,0.09,20.58271237,0.4775
874,229018,0.87,7275.0,0.6911,0.081,26.88950532,0.4192
875,229027,0.7591,7567.0,0.6355,0.086,21.68035477,0.5157
876,229063,0.5192,7225.0,0.5326,0.154,23.16228366,0.4305
877,229115,0.6613,8890.0,0.8347,0.06,21.27626629,0.5528
878,229160,0.3806,7232.0,0.5113,0.073,25.12356021,0.5066
879,229179,0.8531,8085.0,0.7359,0.065,25.00055918,0.1029
880,229780,0.9774,4652.0,0.4508,0.098,29.85549133,0.5151
881,229814,0.6742,7444.0,0.6672,0.107,23.22504491,0.4591
882,230038,0.47,9911.0,0.8686,0.012,21.7243795,0.5452
883,230047,0.3486,8658.0,0.6094,0.045,21.71396141,0.4298
884,230603,0.6103,6339.0,0.6554,0.064,22.56473829,0.4719
885,230728,0.9783,8462.0,0.7141,0.05,23.65291996,0.4718
886,230764,0.8142,10036.0,0.8868,0.032,23.90143809,0.5555
887,230807,0.9576,8317.0,0.7166,0.019,22.40434333,0.457
888,230834,0.9164,6082.0,0.6917,0.075,21.22513562,0.4799
889,230852,0.6417,7892.0,0.8083,0.044000000000000004,23.98511502,0.5973
890,230913,0.9546,6771.0,0.6829999999999999,0.11699999999999999,25.23569794,0.3551
891,230931,0.9914,6190.0,0.6122,0.171,20.405,0.6035
892,230959,0.171690055,10753.0,0.9568,0.011000000000000001,20.45380875,0.486
893,230995,0.6574,6990.0,0.7093,0.044000000000000004,22.14496833,0.7779
894,231174,0.7344,9742.0,0.8699,0.037000000000000005,20.13781291,0.4499
895,231420,0.5964,5641.0,0.5489,0.08800000000000001,27.35185185,0.4809
896,231554,0.9799,4949.0,0.6,0.077,27.36410923,0.4314
897,231581,0.4782,6299.0,0.7407,0.044000000000000004,19.52855659,0.4627
898,231624,0.3302,10749.0,0.9526,0.006,20.08275862,0.4375
899,231651,0.7982,7327.0,0.7793,0.054000000000000006,31.15286624,0.3902
900,231712,0.5588,7985.0,0.8698,0.032,19.75912409,0.4272
901,232089,0.7331,5996.0,0.4801,0.109,19.75659051,0.528
902,232186,0.6665,10466.0,0.8759999999999999,0.016,22.841283899999997,0.4857
903,232265,0.2906,6383.0,0.8021,0.086,20.55662909,0.3461
904,232308,0.5647,6733.0,0.8014,0.025,21.21958457,0.0
905,232423,0.6573,7993.0,0.9238,0.023,20.04427721,0.4104
906,232557,0.2232,4051.0,0.691,0.085,31.74339459,0.4136
907,232566,0.7292,7032.0,0.7884,0.039,20.08324716,0.3418
908,232609,0.6675,7284.0,0.7012,0.036000000000000004,20.75917637,0.4069
909,232672,0.9545,6562.0,0.7281,0.045,24.76519666,0.0616
910,232681,0.7672,7533.0,0.7799,0.023,21.58056426,0.3528
911,232706,0.8396,8347.0,0.8059999999999999,0.036000000000000004,22.83842011,0.3453
912,232937,0.6567,7599.0,0.7409,0.14300000000000002,23.7745886,0.3598
913,232982,0.8189,8556.0,0.8052,0.051,23.78690512,0.4583
914,233277,0.7891,7820.0,0.7462,0.042,20.68074246,0.4416
915,233374,0.318,11413.0,0.9403,0.015,21.60303688,0.4691
916,233426,0.6932,7355.0,0.7967,0.046,19.8788501,0.4068
917,233541,0.8259,7275.0,0.7559999999999999,0.048,21.8951242,0.4368
918,233611,0.4707,5642.0,0.7,0.061,20.98262548,0.4936
919,233897,0.6882,6844.0,0.6747,0.102,21.60588235,0.4949
920,233921,0.7263,10189.0,0.9251,0.021,19.92500725,0.5812
921,234030,0.7535,8288.0,0.863,0.045,21.75972565,0.4325
922,234076,0.29,12867.0,0.973,0.017,20.59154146,0.4508
923,234155,0.8006,7362.0,0.6109,0.151,21.00864454,0.401
924,234164,0.2389,5160.0,0.5,0.222,20.61015326,0.4395
925,234173,0.8904,7759.0,0.6637,0.095,20.75578947,0.3807
926,234827,0.8646,7638.0,0.7887,0.066,23.82864964,0.4904
927,235097,0.7439,7820.0,0.7747,0.052000000000000005,23.24369436,0.4565
928,235167,0.9890000000000001,7706.0,0.6942,0.08,26.656,0.4574
929,235316,0.6751,8780.0,0.924,0.015,20.34606205,0.4638
930,236133,0.9612,6352.0,0.7363,0.033,25.45142296,0.424
931,236230,0.7501,7518.0,0.8151,0.028999999999999998,21.38551573,0.3713
932,236328,0.7929,9534.0,0.8731,0.032,20.90172786,0.4306
933,236452,0.8882,6298.0,0.8038,0.057999999999999996,24.87070376,0.4886
934,236577,0.8340000000000001,8426.0,0.8497,0.023,20.51071879,0.3314
935,236595,0.7335,9148.0,0.8695,0.022000000000000002,21.64201501,0.4116
936,236896,0.5779,4355.0,0.7948,0.035,20.96694215,0.4979
937,236939,0.8208,9119.0,0.7939,0.033,22.69274564,0.4881
938,236948,0.5797,11224.0,0.9414,0.027000000000000003,23.03930008,0.479
939,237011,0.8457,8375.0,0.826,0.028999999999999998,21.56036097,0.4462
940,237215,0.3834,6165.0,0.6013,0.237,25.0981857,0.3852
941,237312,0.6077,6237.0,0.6125,0.066,25.35273973,0.4223
942,237330,0.3776,6084.0,0.6667,0.17600000000000002,22.34409516,0.4476
943,237358,0.5822,5444.0,0.7005,0.086,21.82555781,0.4696
944,237367,0.6651,6479.0,0.6356,0.142,22.68875798,0.4512
945,237385,0.4656,6399.0,0.6514,0.23,21.82559775,0.598
946,237525,0.7653,7117.0,0.7269,0.115,21.82449808,0.4361
947,237792,0.9829,6668.0,0.682,0.076,22.58816901,0.4013
948,237899,0.4144,6245.0,0.5787,0.166,23.42925824,0.4484
949,237932,0.7236,6527.0,0.6647,0.10400000000000001,21.85089141,0.4125
950,237950,0.847189911,6634.0,0.5336,0.085,20.77858124,0.6413
951,237969,0.7759,5593.0,0.7304,0.071,19.9612015,0.4553
952,238032,0.847189911,9459.0,0.7688,0.085,20.77858124,0.5467
953,238193,0.6519,5749.0,0.7376,0.078,24.01366743,0.0006
954,238430,0.8298,5660.0,0.7179,0.055,28.81154499,0.3429
955,238458,0.8084,6708.0,0.7906,0.036000000000000004,20.58675497,0.3524
956,238476,0.7165,7889.0,0.7955,0.042,20.75841184,0.4646
957,238616,0.7541,7976.0,0.7448,0.066,24.49894737,0.3484
958,238661,0.7622,5719.0,0.8087,0.024,22.915326899999997,0.2893
959,238980,0.547,6705.0,0.6869,0.053,27.88122924,0.4337
960,239080,0.7674,6505.0,0.7339,0.049,23.61625,0.29600000000000004
961,239105,0.6671,9932.0,0.8864,0.013000000000000001,19.72122104,0.4763
962,239318,0.6865,8602.0,0.8234,0.031,21.44803493,0.762
963,239390,0.3527,5894.0,0.7788,0.064,23.26086957,0.0
964,240107,0.6914,6224.0,0.7129,0.027999999999999997,24.11527648,0.265
965,240189,0.8179,7211.0,0.8049,0.053,20.97447326,0.5002
966,240268,0.8369,7218.0,0.8237,0.027000000000000003,20.65784361,0.4053
967,240277,0.8735,6576.0,0.7762,0.035,24.29156371,0.3386
968,240329,0.7629,6783.0,0.8561,0.018000000000000002,20.28949416,0.4348
969,240365,0.8034,7000.0,0.7821,0.04,21.90198618,0.4256
970,240374,0.8602,6305.0,0.7376,0.115,22.55928602,0.48100000000000004
971,240417,0.9079999999999999,6723.0,0.7585,0.038,21.83315565,0.535
972,240426,0.8857,6343.0,0.7327,0.081,24.86293294,0.3969
973,240444,0.5694,11143.0,0.9537,0.015,20.19818113,0.4888
974,240453,0.8955,8138.0,0.7017,0.055999999999999994,22.45980616,0.4907
975,240462,0.9440000000000001,6402.0,0.7785,0.04,20.77034463,0.6538
976,240471,0.8954,7196.0,0.7573,0.043,21.24856816,0.3934
977,240480,0.8941,6497.0,0.7765,0.032,21.17482685,0.4757
978,240727,0.9766,9124.0,0.7558,0.042,23.04525745,0.4825
979,243665,0.9707,6344.0,0.7518,0.13699999999999998,22.40304569,0.307
980,243780,0.5929,11141.0,0.9246,0.034,20.24724777,0.5828
981,244190,0.650063625,12837.0,1.0,0.046,21.38636364,0.1348
982,366711,0.618,8362.0,0.8276,0.049,22.81283512,0.3957
983,377555,0.57967328,9933.0,0.8303,0.027000000000000003,23.03930008,0.5007
984,377564,0.57967328,9103.0,0.7143,0.027000000000000003,23.03930008,0.4815
985,407009,0.784430512,8582.0,0.8631,0.073,24.57639376,0.3884
986,420574,0.784430512,8198.0,0.8217,0.073,24.57639376,0.7322
987,433660,0.5888,7595.0,0.7819,0.046,21.58700655,0.4428
988,448309,0.6907008090000001,4188.0,0.7,0.091,27.83333333,0.2009
989,448840,0.509441247,8996.0,0.6506,0.053,22.89274825,0.3902
990,448886,0.784430512,8671.0,0.8401,0.073,24.57639376,0.3373
991,449931,0.5963791270000001,5374.0,1.0,0.08800000000000001,27.35185185,0.4017
992,479956,0.626517667,4415.0,0.5682,0.057,21.76629411,0.4669
993,482680,0.6948,5566.0,0.8262,0.09300000000000001,22.75441791,0.4502
